original_name,resolved_name
Alice Johnson,Alice Johnson
Bobby Smith,Bob Smith
Carol White,Carol White
Dave Brown,David Brown
Eve Davis,Eve Davis
